Filename,state
50.jpg,0
51.jpg,0
52.jpg,0
53.jpg,0
1.jpg,1
54.jpg,0
2.jpg,1
55.jpg,0
56.jpg,0
3.jpg,1
57.jpg,0
4.jpg,1
5.jpg,1
67.jpg,0
68.jpg,0
6.jpg,1
69.jpg,0
70.jpg,0
7.jpg,1
71.jpg,0
72.jpg,0
73.jpg,0
74.jpg,0
75.jpg,0
8.jpg,1
9.jpg,1
ab_0_258.jpeg,0
10.jpg,1
ab_0_371.jpeg,0
11.jpg,1
ab_0_774.jpeg,0
ab_0_956.jpeg,0
ab_0_1202.jpeg,0
12.jpg,1
13.jpg,1
ab_0_1324.jpeg,0
ab_0_1428.jpeg,0
14.jpg,1
15.jpg,1
ab_0_1624.jpeg,0
ab_0_1768.jpeg,0
16.jpg,1
ab_0_1778.jpeg,0
17.jpg,1
ab_0_1829.jpeg,0
18.jpg,1
ab_0_1913.jpeg,0
19.jpg,1
ab_0_2224.jpeg,0
ab_0_2250.jpeg,0
20.jpg,1
21.jpg,1
22.jpg,1
23.jpg,1
24.jpg,1
25.jpg,1
26.jpg,1
27.jpg,1
28.jpg,1
28.jpg,1
29.jpg,1
30.jpg,1
31.jpg,1
32.jpg,1
ab_0_2270.jpeg,0
ab_0_2353.jpeg,0
ab_0_2355.jpeg,0
33.jpg,1
ab_0_2527.jpeg,0
ab_0_2540.jpeg,0
ab_0_2656.jpeg,0
ab_0_2816.jpeg,0
34.jpg,1
ab_0_2831.jpeg,0
43.jpg,1
44.jpg,1
ab_0_3057.jpeg,0
ab_0_3113.jpeg,0
45.jpg,1
46.jpg,1
ab_0_3126.jpeg,1
ab_0_3152.jpeg,1
47.jpg,1
48.jpg,1
49.jpg,1
ab_0_3194.jpeg,0
ab_0_3303.jpeg,0
ab_0_3421.jpeg,0
ab_0_3458.jpeg,0
ab_0_3486.jpeg,0
ab_0_3571.jpeg,0
ab_0_3572.jpeg,0
ab_0_3732.jpeg,0
ab_0_3810.jpeg,0
ab_0_4003.jpeg,0
ab_0_4011.jpeg,0
ab_0_4229.jpeg,0
ab_0_4390.jpeg,0
ab_0_4453.jpeg,0
ab_0_4632.jpeg,0
ab_0_4806.jpeg,0
ab_0_4859.jpeg,0
ab_0_4872.jpeg,0
ab_0_4907.jpeg,0
ab_0_5195.jpeg,0
ab_0_5230.jpeg,0
ab_0_5259.jpeg,0
ab_0_5583.jpeg,0
ab_0_5830.jpeg,0
ab_0_6072.jpeg,0
ab_0_6190.jpeg,0
ab_0_6257.jpeg,0
ab_0_6435.jpeg,0
ab_0_6478.jpeg,0
ab_0_6565.jpeg,0
ab_0_7097.jpeg,0
ab_0_7115.jpeg,0
ab_0_7193.jpeg,0
ab_0_7366.jpeg,0
ab_0_1135.jpeg,1
ab_0_1225.jpeg,1
ab_0_1422.jpeg,1
ab_0_1788.jpeg,1
ab_0_1826.jpeg,1
ab_0_194.jpeg,1
ab_0_2419.jpeg,1
ab_0_2567.jpeg,1
ab_0_257.jpeg,1
ab_0_2757.jpeg,1
ab_0_2812.jpeg,1
ab_0_2813.jpeg,1
ab_0_2869.jpeg,1
ab_0_2984.jpeg,1
ab_0_3068.jpeg,1
ab_0_3152.jpeg,1
ab_0_3329.jpeg,1
ab_0_336.jpeg,1
ab_0_3401.jpeg,1
ab_0_3427.jpeg,1
ab_0_3528.jpeg,1
ab_0_3824.jpeg,1
ab_0_4262.jpeg,1
ab_0_4362.jpeg,1
ab_0_4497.jpeg,1
ab_0_4767.jpeg,1
ab_0_4769.jpeg,1
ab_0_4870.jpeg,1
ab_0_4955.jpeg,1
ab_0_5208.jpeg,1
ab_0_5260.jpeg,1
ab_0_6021.jpeg,1
ab_0_6045.jpeg,1
ab_0_6287.jpeg,1
ab_0_6621.jpeg,1
ab_0_6789.jpeg,1
ab_0_6994.jpeg,1
ab_0_7130.jpeg,1
ab_0_7476.jpeg,1
ab_0_7974.jpeg,1
ab_0_8065.jpeg,1
ab_0_8242.jpeg,1
ab_0_8421.jpeg,1
ab_0_854.jpeg,1
ab_0_897.jpeg,1
ab_0_9051.jpeg,1
ab_0_9061.jpeg,1
ab_0_9137.jpeg,1
ab_0_9509.jpeg,1
ab_0_9520.jpeg,1
ab_0_9727.jpeg,1
n_0_1070.jpeg,1
n_0_1385.jpeg,1
n_0_1460.jpeg,1
n_0_1827.jpeg,1
n_0_204.jpeg,1
n_0_2527.jpeg,1
n_0_261.jpeg,1
n_0_3263.jpeg,1
n_0_3440.jpeg,1
n_0_3914.jpeg,1
n_0_5125.jpeg,1
n_0_5140.jpeg,1
n_0_5374.jpeg,1
n_0_5659.jpeg,1
n_0_627.jpeg,1
n_0_6339.jpeg,1
n_0_6472.jpeg,1
n_0_7109.jpeg,1
n_0_7247.jpeg,1
n_0_7735.jpeg,1
n_0_8323.jpeg,1
